{"cameraMode":{"drawMode":0,"name":"Shaded","section":"Shading Mode"},"sceneLighting":false,"audioPlay":false,"sceneViewState":{"m_AlwaysRefresh":false,"showFog":true,"showSkybox":false,"showFlares":true,"showImageEffects":true,"showParticleSystems":true,"showVisualEffectGraphs":true,"m_FxEnabled":true},"in2DMode":false,"pivot":{"x":-0.4331265985965729,"y":-0.03407358378171921,"z":0.16296465694904328},"rotation":{"x":-0.24541495740413667,"y":-0.08854242414236069,"z":0.022517969831824304,"w":-0.9651105403900147},"size":1.4197720289230347,"orthographic":false}