{"cameraMode":{"drawMode":0,"name":"Shaded","section":"Shading Mode"},"sceneLighting":false,"audioPlay":false,"sceneViewState":{"m_AlwaysRefresh":false,"showFog":true,"showSkybox":false,"showFlares":true,"showImageEffects":true,"showParticleSystems":true,"showVisualEffectGraphs":true,"m_FxEnabled":true},"in2DMode":false,"pivot":{"x":-0.28556835651397707,"y":-0.43194836378097536,"z":-1.7658780813217164},"rotation":{"x":-0.0034663460683077575,"y":0.991182804107666,"z":-0.1297961175441742,"w":-0.026469331234693528},"size":1.8191419839859009,"orthographic":false}