{"cameraMode":{"drawMode":0,"name":"Shaded","section":"Shading Mode"},"sceneLighting":false,"audioPlay":false,"sceneViewState":{"m_AlwaysRefresh":false,"showFog":true,"showSkybox":false,"showFlares":true,"showImageEffects":true,"showParticleSystems":true,"showVisualEffectGraphs":true,"m_FxEnabled":true},"in2DMode":false,"pivot":{"x":0.02313023991882801,"y":-0.18096968531608582,"z":-0.48541319370269778},"rotation":{"x":0.006182900629937649,"y":0.9936163425445557,"z":-0.08907654136419296,"w":0.06896953284740448},"size":0.8762084245681763,"orthographic":false}